<?xml version='1.0' encoding='UTF-8'?>
<com.cloudbees.plugins.credentials.SystemCredentialsProvider plugin="credentials@2.1.16">
  <domainCredentialsMap class="hudson.util.CopyOnWriteMap$Hash">
    <entry>
      <com.cloudbees.plugins.credentials.domains.Domain>
        <specifications/>
      </com.cloudbees.plugins.credentials.domains.Domain>
      <java.util.concurrent.CopyOnWriteArrayList>
        <com.cloudbees.jenkins.plugins.sshcredentials.impl.BasicSSHUserPrivateKey plugin="ssh-credentials@1.13">
          <scope>GLOBAL</scope>
          <id>81403dbe-9f73-4e03-ae55-b32671f8b926</id>
          <description></description>
          <username>ec2-user</username>
          <privateKeySource class="com.cloudbees.jenkins.plugins.sshcredentials.impl.BasicSSHUserPrivateKey$FileOnMasterPrivateKeySource">
            <privateKeyFile>/home/ec2-user/.ssh/jenkins</privateKeyFile>
          </privateKeySource>
        </com.cloudbees.jenkins.plugins.sshcredentials.impl.BasicSSHUserPrivateKey>
        <org.jenkinsci.plugins.plaincredentials.impl.StringCredentialsImpl plugin="plain-credentials@1.4">
          <scope>GLOBAL</scope>
          <id>eb545b31-efeb-4494-9d7c-38fdac52c358</id>
          <description>GitHub API token</description>
          <secret>{AQAAABAAAAAwGBHyVXn/QEFYHrOfWRWLCxxvXiZeprBASr6D79eDMackwUaDy+YvEFJtef0yjavoz2+N1z/EXy+SJk/aGrXhWw==}</secret>
        </org.jenkinsci.plugins.plaincredentials.impl.StringCredentialsImpl>
        <com.cloudbees.plugins.credentials.impl.UsernamePasswordCredentialsImpl>
          <scope>GLOBAL</scope>
          <id>64b92738-6a68-4801-bb6a-9c42737e7b12</id>
          <description>GitHub login</description>
          <username>ljubon</username>
          <password>{AQAAABAAAAAQn6oRsI7Lds75bQVhGKtwgHulwp9HQDMCgniWbCMBBn4=}</password>
        </com.cloudbees.plugins.credentials.impl.UsernamePasswordCredentialsImpl>
      </java.util.concurrent.CopyOnWriteArrayList>
    </entry>
  </domainCredentialsMap>
</com.cloudbees.plugins.credentials.SystemCredentialsProvider>