<?xml version='1.0' encoding='UTF-8'?>
<github-plugin-configuration plugin="github@1.28.0">
  <configs>
    <github-server-config>
      <name>Git</name>
      <apiUrl>https://api.github.com</apiUrl>
      <manageHooks>true</manageHooks>
      <credentialsId>eb545b31-efeb-4494-9d7c-38fdac52c358</credentialsId>
      <clientCacheSize>20</clientCacheSize>
    </github-server-config>
  </configs>
  <hookUrl>http://52.29.118.116:8080/github-webhook/</hookUrl>
  <hookSecretConfig>
    <credentialsId>eb545b31-efeb-4494-9d7c-38fdac52c358</credentialsId>
  </hookSecretConfig>
</github-plugin-configuration>