<?xml version='1.0' encoding='UTF-8'?>
<org.jvnet.hudson.plugins.SSHBuildWrapper_-DescriptorImpl plugin="ssh@2.5">
  <sites>
    <org.jvnet.hudson.plugins.CredentialsSSHSite>
      <hostname>nat</hostname>
      <username>ec2-user</username>
      <port>22</port>
      <credentialId>81403dbe-9f73-4e03-ae55-b32671f8b926</credentialId>
      <serverAliveInterval>0</serverAliveInterval>
      <timeout>0</timeout>
      <pty>false</pty>
    </org.jvnet.hudson.plugins.CredentialsSSHSite>
    <org.jvnet.hudson.plugins.CredentialsSSHSite>
      <hostname>web</hostname>
      <username>ec2-user</username>
      <port>22</port>
      <credentialId>81403dbe-9f73-4e03-ae55-b32671f8b926</credentialId>
      <serverAliveInterval>0</serverAliveInterval>
      <timeout>0</timeout>
      <pty>false</pty>
    </org.jvnet.hudson.plugins.CredentialsSSHSite>
  </sites>
</org.jvnet.hudson.plugins.SSHBuildWrapper_-DescriptorImpl>